{"cameraMode":{"drawMode":0,"name":"Shaded","section":"Shading Mode"},"sceneLighting":false,"audioPlay":false,"sceneViewState":{"m_AlwaysRefresh":false,"showFog":true,"showSkybox":false,"showFlares":true,"showImageEffects":true,"showParticleSystems":true,"showVisualEffectGraphs":true,"m_FxEnabled":true},"in2DMode":false,"pivot":{"x":0.9064285159111023,"y":0.5832775831222534,"z":0.03829581290483475},"rotation":{"x":-0.07161591202020645,"y":0.09441355615854263,"z":-0.006807644851505756,"w":-0.9929532408714294},"size":0.6073950529098511,"orthographic":false}