{"cameraMode":{"drawMode":2,"name":"Shaded Wireframe","section":"Shading Mode"},"sceneLighting":true,"audioPlay":false,"sceneViewState":{"showFog":true,"showMaterialUpdate":false,"showSkybox":true,"showFlares":true,"showImageEffects":true,"showParticleSystems":true},"in2DMode":false,"pivot":{"x":-0.2817981541156769,"y":3.539367198944092,"z":0.3091965913772583},"rotation":{"x":-0.7002975940704346,"y":0.0014941138215363026,"z":-0.0014731636038050056,"w":-0.7138569951057434},"size":4.274904251098633,"orthographic":false}